user_id,product_id,rating
219,510,3
201,95,4
394,414,3
27,156,1
89,692,2
269,97,2
307,369,4
324,789,3
124,238,4
400,13,3
396,301,5
281,182,4
496,155,3
255,763,5
433,391,4
400,793,2
359,177,5
2,583,4
329,596,1
123,701,2
236,604,5
383,69,3
77,308,1
78,676,3
332,691,1
163,545,4
150,53,4
469,216,3
48,714,3
114,38,3
64,428,5
451,261,2
150,374,3
73,31,4
47,393,4
296,800,3
362,425,3
181,5,4
374,691,5
259,54,1
95,731,4
101,504,1
390,796,3
398,508,2
83,780,3
442,453,3
82,200,3
121,273,4
391,776,4
484,226,2
413,471,1
3,18,1
13,755,1
164,629,3
105,10,2
345,39,3
348,41,2
166,620,5
75,44,4
60,197,3
233,299,5
382,209,1
73,459,5
278,688,4
149,787,4
123,789,4
467,236,5
289,515,1
4,360,3
481,383,1
237,427,2
208,344,2
172,254,3
385,548,4
446,507,3
207,518,5
150,330,4
224,488,3
59,482,3
293,472,5
151,532,5
161,437,1
113,422,2
232,162,3
406,750,1
448,434,4
488,559,4
383,16,2
446,620,4
374,689,2
438,65,4
186,575,4
239,73,3
247,204,5
140,254,3
112,572,1
402,613,5
480,529,3
195,195,5
444,251,5
125,550,5
356,285,4
239,543,5
494,483,4
1,310,5
121,181,4
89,794,5
20,653,1
273,245,3
177,441,5
406,275,1
114,224,3
417,367,2
282,539,5
27,250,2
188,743,3
418,13,3
87,308,5
80,610,1
462,192,5
180,698,1
55,19,5
247,339,1
500,771,4
317,579,1
434,26,1
233,6,3
447,141,2
448,750,5
270,742,3
382,27,2
109,105,3
474,522,3
238,784,5
378,279,4
307,303,3
369,12,5
155,668,1
168,77,2
68,18,5
265,570,4
440,642,5
475,174,5
235,401,1
39,87,2
143,343,2
345,449,4
18,54,2
52,427,1
445,78,4
222,716,1
293,439,1
80,782,5
181,497,5
140,172,5
209,550,3
409,698,1
335,361,2
281,236,4
405,433,3
122,16,5
211,738,3
344,496,3
135,586,1
460,211,1
177,798,2
39,327,4
75,627,4
353,247,5
49,549,2
217,503,4
246,567,3
231,167,3
418,441,4
255,689,3
203,353,3
144,703,5
352,99,3
399,624,4
296,118,1
463,674,3
7,569,4
101,353,3
296,574,2
450,501,5
326,39,1
228,330,3
103,323,4
486,498,1
92,29,3
278,739,2
357,543,4
187,316,5
389,551,3
146,513,4
267,568,3
119,467,5
264,698,2
276,603,5
203,199,5
59,683,5
347,737,1
477,182,4
153,130,3
186,654,2
115,131,3
275,654,1
381,5,2
386,167,1
362,385,3
487,632,2
236,555,3
442,92,4
66,742,1
263,752,4
51,187,4
351,590,3
417,465,3
331,783,5
232,558,5
360,519,2
494,682,3
13,115,1
394,263,3
369,344,3
315,239,4
294,787,4
20,309,5
213,16,2
270,62,2
472,706,3
40,321,1
135,368,4
453,435,1
262,292,4
424,163,3
181,747,2
227,792,3
265,241,4
106,325,2
321,375,1
487,745,1
404,129,5
390,123,1
96,649,5
461,464,2
295,527,3
488,229,3
123,144,2
277,742,2
37,176,4
268,758,1
198,53,1
255,335,1
15,659,5
405,553,1
85,293,4
92,240,3
100,443,3
465,707,5
174,136,4
455,600,2
215,782,3
365,766,4
86,701,2
394,71,5
82,745,1
322,8,4
374,780,3
460,433,5
493,336,4
117,627,5
167,419,2
242,301,4
278,237,1
491,588,2
342,506,1
426,399,5
470,611,1
134,323,2
366,2,2
180,634,2
165,185,5
212,16,3
6,279,5
73,351,2
413,370,5
357,553,4
453,378,4
435,55,3
77,208,5
283,132,5
215,366,4
165,356,2
174,796,1
98,178,2
25,242,3
421,754,1
151,284,2
220,635,5
154,437,5
76,794,4
376,679,5
436,525,5
231,71,3
3,54,1
73,13,2
111,376,2
335,571,3
72,260,1
412,80,5
255,476,3
218,60,5
208,47,2
249,490,3
290,714,3
340,773,3
65,36,2
472,531,2
285,256,4
4,286,2
196,367,2
119,553,5
190,796,2
166,799,1
451,228,5
232,171,4
130,497,1
477,245,4
369,393,3
92,524,3
332,727,3
125,652,2
300,298,2
207,457,5
114,437,1
361,346,1
351,478,3
373,185,3
101,724,2
32,272,4
470,461,1
131,99,1
17,434,4
477,644,1
248,627,1
375,473,2
396,269,1
64,572,3
447,796,3
78,621,5
200,396,2
41,408,2
258,387,3
181,534,2
290,341,2
125,539,5
344,214,4
112,397,1
468,44,5
235,592,4
500,366,1
202,792,3
40,174,4
199,273,1
449,773,5
311,550,1
126,571,2
74,490,1
179,182,3
5,617,5
312,96,4
118,602,1
232,71,5
149,612,3
314,311,4
201,327,1
349,683,3
31,347,2
237,166,5
430,752,5
155,216,1
198,344,3
107,61,4
159,186,4
169,364,4
301,182,4
420,731,1
258,34,1
62,405,5
149,557,3
162,138,2
86,698,1
13,28,4
275,106,2
417,798,5
124,796,4
358,157,3
104,799,2
49,107,5
3,233,1
422,196,3
250,202,4
253,109,2
211,543,5
71,738,2
271,41,3
38,64,1
153,743,1
317,682,3
470,415,4
215,372,2
434,651,4
10,364,5
100,236,4
357,800,3
434,471,1
379,500,3
490,423,3
298,579,2
234,188,3
199,793,5
436,540,2
174,403,2
217,494,4
40,723,3
186,234,4
489,492,4
280,531,2
69,312,4
249,113,4
85,501,2
168,344,2
404,358,1
29,126,3
37,720,1
20,82,2
146,252,5
260,553,4
139,382,4
255,781,2
448,717,4
86,99,1
52,452,4
299,595,5
142,24,3
122,417,1
429,353,3
412,73,3
388,695,5
400,515,5
422,771,5
447,30,5
151,658,1
333,450,5
148,480,1
453,457,4
83,724,3
149,27,4
170,356,4
325,617,2
270,622,4
228,19,4
326,528,2
5,794,4
152,270,2
221,559,1
157,146,3
258,668,5
6,542,4
290,617,1
204,149,3
278,560,1
388,183,2
493,670,1
369,42,4
134,165,4
323,686,5
77,94,5
447,214,4
471,188,1
483,88,4
346,458,1
116,472,4
201,769,3
87,760,1
68,54,2
418,372,2
101,656,5
456,517,3
162,365,2
313,37,4
421,119,2
390,409,4
71,363,3
173,369,5
169,153,2
103,323,5
228,758,3
133,294,1
60,480,3
451,724,3
145,478,3
211,448,1
109,130,1
193,704,3
357,709,1
183,768,4
9,660,3
132,342,2
426,267,4
430,338,3
74,475,2
96,415,2
129,291,5
343,172,5
371,439,2
401,301,3
372,149,3
222,660,3
128,265,3
347,95,2
335,698,1
374,417,1
486,257,3
7,723,5
225,515,2
389,679,1
436,350,2
116,205,5
103,690,2
226,344,5
53,465,5
375,539,4
3,29,5
318,639,4
32,376,5
258,105,5
80,334,2
124,69,4
337,107,1
309,692,1
396,102,2
380,262,1
389,664,1
260,552,5
312,289,3
336,137,3
210,490,1
448,689,2
45,67,2
444,151,4
404,278,2
309,212,2
329,350,5
272,628,5
227,648,1
349,147,2
113,365,3
30,678,2
276,228,2
362,646,1
214,692,3
87,290,1
436,330,2
292,395,3
22,555,2
385,139,1
21,424,1
176,253,5
491,416,3
467,507,5
456,346,3
261,697,4
376,577,3
168,180,2
221,214,3
82,438,5
477,480,1
79,153,1
498,413,3
301,800,4
159,123,1
143,606,1
314,594,1
437,620,4
45,752,5
451,579,3
236,780,4
492,243,3
170,788,2
225,306,3
408,136,1
294,159,4
307,152,4
280,456,5
461,554,2
91,334,5
417,463,5
147,469,2
281,26,1
70,166,4
481,366,3
473,439,2
471,97,5
49,394,3
17,467,2
149,267,2
43,123,1
212,535,1
204,198,4
205,41,4
338,121,3
406,425,4
63,4,2
24,255,2
33,643,2
451,468,2
209,183,1
487,107,2
480,499,2
273,447,2
176,177,5
44,72,3
153,70,3
456,581,2
363,776,2
355,123,3
188,392,4
285,227,5
12,368,5
356,458,4
383,183,2
137,227,3
474,72,5
86,512,4
53,8,4
61,72,1
415,724,4
113,775,1
304,46,1
108,150,5
478,593,2
335,773,2
303,482,4
417,409,3
67,175,3
482,427,1
320,655,4
122,704,4
254,671,2
401,237,3
300,595,5
5,687,4
350,140,4
446,64,2
235,279,5
499,50,5
447,215,5
335,637,5
39,36,3
200,651,1
170,598,5
358,431,1
348,505,1
21,568,2
175,249,5
74,734,3
284,468,2
149,761,2
113,510,1
284,394,4
86,440,3
102,726,5
19,158,5
63,94,3
116,790,5
180,486,4
38,439,4
302,166,5
408,56,2
92,455,5
173,370,5
205,378,3
9,395,4
9,391,2
21,352,3
24,82,3
95,546,2
192,63,2
349,514,3
296,702,5
458,555,2
180,607,1
388,786,2
131,148,3
397,519,1
21,726,3
8,308,4
376,505,4
201,98,5
366,302,2
385,42,3
14,316,1
332,754,2
36,384,5
406,104,3
373,759,3
164,336,4
45,590,5
144,636,3
11,32,4
323,679,4
354,282,1
409,30,5
346,766,5
451,681,3
212,393,1
415,32,2
113,696,3
449,565,4
346,149,2
345,76,2
11,407,3
336,581,1
340,274,5
362,741,1
372,549,3
166,647,5
258,61,2
54,131,4
93,513,1
263,60,5
433,380,1
296,347,5
45,442,4
438,543,3
217,776,3
189,399,5
388,7,5
107,391,3
290,135,2
473,20,2
8,327,2
32,434,4
402,654,5
168,374,1
331,143,1
440,722,5
37,394,3
231,483,5
183,637,2
292,491,2
246,321,1
10,412,5
70,354,1
237,432,3
464,3,4
118,131,4
217,75,3
191,324,2
418,478,2
351,160,2
239,784,1
328,17,1
401,395,4
379,356,2
317,32,2
206,483,3
222,155,4
146,624,1
189,610,4
238,773,2
292,604,2
469,658,1
437,515,1
223,796,4
246,342,5
247,406,2
417,373,2
407,286,5
448,560,4
38,577,3
453,221,3
207,147,2
414,180,3
400,510,4
438,297,3
187,349,1
360,491,4
477,353,5
92,81,2
6,705,4
133,434,3
486,123,4
473,289,5
92,740,4
1,470,5
270,510,5
83,594,4
287,480,2
179,596,2
377,755,3
335,439,4
147,727,4
102,174,1
288,346,2
313,105,5
31,569,1
314,788,4
485,681,1
154,751,2
48,587,4
379,455,2
41,294,1
153,795,3
431,393,5
182,196,5
232,422,3
121,477,3
185,218,3
456,153,2
317,782,4
388,37,3
415,690,2
120,348,1
352,712,1
226,170,3
112,310,1
195,637,3
297,675,1
26,799,1
452,354,4
194,250,4
19,379,1
343,740,4
25,145,3
47,625,5
199,489,3
264,92,4
3,181,2
471,128,1
239,278,4
289,442,4
368,681,4
412,259,3
22,348,1
355,575,5
354,484,4
30,302,2
47,212,1
420,488,5
315,754,2
270,484,5
329,648,5
470,551,1
476,463,3
361,350,2
270,303,4
463,418,5
440,68,2
485,57,1
152,470,2
226,153,4
248,201,4
305,599,1
171,39,2
237,512,3
236,248,3
259,114,5
279,378,5
148,716,2
109,718,5
143,135,4
299,774,1
464,123,5
71,595,3
417,213,4
311,787,3
126,502,5
467,175,5
82,275,4
41,236,3
402,546,1
387,171,1
259,653,4
356,420,5
144,537,4
171,97,3
279,21,1
471,290,5
143,622,3
457,793,1
127,82,1
58,107,2
168,779,5
118,787,4
166,689,2
373,286,1
82,621,5
358,550,5
134,783,2
364,331,3
485,728,3
46,132,4
262,339,5
469,221,2
123,782,1
222,776,3
92,77,2
404,727,4
19,605,4
270,651,5
65,592,4
219,50,4
500,748,3
352,343,3
157,332,4
415,294,5
153,152,3
247,95,3
199,678,4
231,381,5
302,440,4
436,321,1
16,90,1
108,529,5
395,741,1
274,283,5
364,345,1
184,734,2
490,233,3
184,793,4
441,352,5
69,716,1
250,433,2
376,314,1
450,380,2
458,257,4
218,397,3
88,789,3
346,257,2
272,159,1
217,771,3
358,203,1
390,413,5
180,688,1
125,82,5
376,446,5
183,25,3
332,18,5
329,497,1
433,796,4
490,772,1
200,116,2
184,149,2
479,326,1
297,21,2
224,606,4
455,148,2
480,638,3
362,736,4
440,633,3
377,640,3
89,446,4
225,287,3
499,665,2
447,325,1
118,200,4
156,785,1
459,148,4
159,367,4
183,221,3
436,228,1
202,306,2
66,179,1
46,476,4
364,417,2
260,610,3
406,628,2
429,123,2
244,285,1
156,707,4
394,752,4
450,727,4
249,3,5
433,760,3
95,262,1
255,680,4
362,471,2
471,332,5
336,261,3
201,3,4
307,772,5
427,447,3
134,216,2
377,773,5
153,479,1
255,569,3
260,682,5
240,595,5
460,440,3
152,200,5
440,668,5
91,279,3
240,135,2
183,294,1
310,205,3
259,697,4
460,85,5
431,293,1
500,390,1
286,138,3
76,411,4
297,509,4
362,218,2
183,618,4
59,57,3
40,92,1
45,784,1
406,370,4
15,571,5
220,412,2
273,771,4
187,193,3
364,117,2
496,707,4
25,670,2
299,275,5
192,353,3
179,446,4
61,787,1
429,36,3
131,624,5
249,741,5
164,197,1
479,290,3
207,695,4
238,486,1
192,766,4
28,411,2
107,423,4
223,239,2
380,298,4
429,42,2
84,88,3
498,176,5
237,278,3
149,343,1
283,297,3
339,280,3
100,424,5
332,416,3
35,33,1
432,28,3
97,209,3
356,602,3
233,594,3
407,248,5
448,378,5
13,358,1
246,703,1
414,790,1
458,18,3
489,213,4
404,723,3
262,514,4
223,94,1
403,17,3
451,239,1
74,528,5
266,667,1
184,177,3
277,131,5
383,298,5
56,63,4
57,797,2
386,130,5
493,363,2
295,616,1
61,270,1
173,268,5
478,500,4
110,792,1
412,540,2
146,487,5
14,217,5
183,357,4
315,646,5
365,286,3
147,479,2
232,546,3
484,723,3
297,698,2
140,412,5
148,331,5
418,693,3
381,784,2
36,449,1
277,697,2
56,27,3
467,112,2
41,492,2
383,137,1
169,538,4
171,262,4
106,647,1
227,781,2
456,689,3
86,522,1
491,299,4
294,110,4
146,433,1
264,479,2
247,624,5
450,613,3
148,786,5
453,267,3
441,778,5
362,668,5
222,213,3
146,309,3
108,54,4
444,665,2
215,774,2
245,395,4
130,512,5
426,325,3
64,738,1
300,96,5
435,174,2
357,344,3
362,205,4
224,55,5
65,747,1
487,710,5
65,226,4
374,307,1
380,281,5
182,617,4
497,791,5
108,690,3
351,302,5
423,205,4
392,220,2
323,428,4
111,141,5
76,455,3
250,145,2
241,526,4
226,158,2
305,105,3
473,742,1
164,289,2
263,632,4
15,694,3
341,185,4
153,217,3
496,31,4
441,279,3
38,475,5
37,225,4
122,687,3
272,177,1
257,84,3
175,568,1
436,92,2
293,8,3
301,662,2
142,574,2
441,54,5
162,163,3
450,631,5
415,479,5
339,108,2
467,271,4
428,626,2
23,237,2
350,261,1
337,529,4
66,604,2
395,629,4
433,387,1
462,403,4
489,358,3
58,219,1
29,465,4
83,421,5
476,149,4
435,357,1
129,51,5
133,54,4
115,139,4
34,670,1
125,749,5
78,113,5
275,427,4
344,498,3
168,292,1
81,346,1
450,511,2
95,441,5
209,746,5
448,632,2
72,603,4
494,722,4
145,481,1
38,228,4
474,610,3
171,90,3
40,790,3
173,536,2
424,396,3
199,75,2
376,661,1
344,336,1
222,164,3
90,519,2
286,565,3
163,156,4
450,792,2
428,503,2
388,781,2
448,334,2
133,491,4
432,607,3
322,328,1
351,1,5
283,360,5
152,627,2
312,337,2
45,553,1
324,187,5
412,269,2
261,431,4
219,539,5
108,123,4
47,552,1
133,219,1
261,416,5
176,766,3
121,186,5
329,588,4
303,564,3
190,205,4
411,336,4
260,390,4
177,304,2
472,679,3
347,512,2
65,775,2
352,774,4
336,226,1
343,513,5
220,29,1
317,604,4
148,615,5
465,512,5
100,635,4
119,614,2
109,354,5
392,725,5
82,472,5
13,689,5
457,315,3
421,557,2
478,279,3
299,288,3
92,367,4
238,331,2
184,397,1
178,788,2
210,385,1
276,578,5
304,511,1
356,558,1
275,30,1
325,197,5
482,263,5
273,408,3
412,95,1
36,43,2
422,762,4
478,36,3
338,458,1
70,129,3
116,519,1
410,44,1
463,61,3
1,538,1
81,363,1
479,121,4
386,497,2
420,158,5
440,257,4
35,575,5
383,271,5
283,311,2
195,313,4
184,117,1
46,788,2
148,345,1
264,178,1
93,117,1
328,676,1
489,755,4
114,165,5
347,174,5
282,631,4
103,749,5
202,155,2
62,659,1
94,595,1
417,784,1
317,510,3
228,310,2
404,725,3
68,737,4
471,234,3
285,351,5
302,162,5
480,591,2
165,691,3
101,292,3
243,127,1
90,693,2
437,602,1
389,94,2
88,446,2
127,89,3
107,388,1
322,780,4
399,249,1
302,181,4
494,61,5
488,147,2
244,631,1
185,696,2
264,777,1
421,281,5
101,566,1
441,112,5
253,687,2
142,297,3
389,691,4
253,562,2
73,117,3
214,27,2
379,432,2
299,311,1
433,703,5
379,390,5
492,675,1
172,462,1
440,6,2
304,703,5
414,530,2
417,159,3
498,308,3
230,656,1
421,195,5
434,479,3
237,230,5
230,506,5
7,702,4
195,337,3
256,692,3
171,133,2
40,720,2
288,657,5
228,159,1
234,272,2
361,533,2
183,681,5
493,295,3
211,330,2
479,800,1
350,281,5
367,437,3
229,64,4
345,359,1
255,229,3
77,614,5
460,247,4
265,92,1
232,648,2
137,1,2
64,315,1
245,291,2
429,246,5
91,240,1
445,481,1
233,272,2
351,654,1
454,517,4
349,789,1
94,314,2
422,569,2
203,139,2
490,498,2
174,327,5
124,121,2
70,392,4
103,465,1
233,177,3
64,364,3
95,498,5
163,161,3
268,664,2
304,550,3
319,335,4
173,50,2
6,747,3
301,89,2
346,576,5
101,721,4
416,225,1
452,386,2
360,167,4
131,714,5
383,654,5
386,337,4
20,590,3
211,435,4
295,522,3
396,248,3
445,44,4
292,487,5
490,477,1
348,109,1
265,700,4
253,70,2
44,744,4
75,543,1
53,698,4
286,683,5
371,109,1
66,609,1
38,550,1
254,264,5
294,290,1
417,145,2
199,529,1
236,94,4
469,338,2
55,565,3
332,621,1
116,569,3
85,660,3
279,61,5
454,537,4
142,78,4
96,539,3
49,431,5
369,99,2
370,540,1
301,646,2
205,315,1
411,223,3
459,189,5
352,305,5
195,356,4
305,773,4
250,480,2
258,779,4
478,747,1
444,40,5
450,476,5
359,114,3
59,326,3
221,679,2
60,622,3
22,532,1
345,230,4
362,388,4
430,781,2
53,305,4
275,76,5
49,265,4
464,315,3
17,628,5
498,515,3
127,523,3
155,261,2
491,369,2
275,664,5
235,710,4
490,82,1
286,637,4
78,230,5
174,646,1
106,598,3
320,298,3
32,555,1
437,716,3
407,281,4
292,468,2
10,530,4
315,408,3
102,703,2
118,223,4
157,769,3
267,15,4
498,694,3
422,546,5
245,180,1
79,2,3
160,151,4
91,110,3
358,307,3
436,397,4
129,618,4
489,767,2
14,14,3
387,273,5
286,378,1
159,656,3
129,207,4
174,619,2
398,247,3
420,735,5
174,780,4
439,737,5
420,387,5
427,75,1
500,43,1
361,133,3
43,431,1
399,795,3
294,436,3
345,56,4
300,208,4
109,739,2
242,104,1
55,464,2
55,470,5
334,580,3
216,250,3
442,603,4
107,783,5
313,403,3
184,26,3
130,719,5
499,764,5
124,10,3
418,610,5
49,614,1
320,497,5
253,410,2
343,136,2
392,221,3
69,544,3
442,277,4
477,96,5
427,439,2
318,508,4
377,780,3
52,688,1
33,615,5
20,187,4
464,37,1
229,210,3
187,415,2
188,767,4
191,131,4
112,98,3
184,443,3
293,545,2
444,36,2
362,749,2
361,515,1
472,643,1
307,220,3
285,362,4
227,694,1
137,28,3
86,538,1
468,669,2
296,522,3
452,109,2
171,608,5
356,658,4
460,181,2
279,210,4
359,342,3
252,657,5
8,49,4
74,473,1
320,666,3
151,773,5
93,329,1
376,556,1
365,236,5
96,441,2
440,121,5
142,248,5
80,519,5
359,20,4
240,696,2
273,503,3
20,364,1
371,489,4
12,200,2
457,766,5
124,403,4
122,245,4
328,483,1
425,576,3
229,665,2
85,17,2
490,39,2
416,665,5
421,295,5
366,39,4
274,187,3
29,750,1
135,784,1
40,309,3
101,362,2
376,462,3
134,669,1
404,231,5
311,706,3
440,250,4
329,778,5
181,2,4
457,475,4
200,653,3
209,182,4
88,2,2
488,170,3
125,270,1
471,307,2
417,49,5
22,422,3
50,285,1
239,380,1
214,791,3
283,791,2
48,504,1
66,784,3
479,556,3
397,572,4
130,199,3
302,109,1
327,65,4
384,685,1
267,353,2
239,98,2
26,129,1
191,268,5
49,409,5
319,87,5
21,601,1
433,394,3
79,450,4
80,741,3
9,471,1
149,642,3
437,644,2
372,765,4
499,110,1
376,294,4
55,215,5
297,312,5
6,204,2
257,428,1
351,536,5
192,93,4
389,681,4
229,28,2
247,318,5
282,399,3
257,702,5
257,266,2
93,285,5
214,63,1
294,599,2
41,519,3
467,667,4
156,20,5
133,764,4
405,348,2
497,50,4
319,189,1
86,67,2
84,365,2
396,202,5
390,99,2
413,661,1
365,160,5
248,678,1
360,28,3
445,466,5
35,700,2
249,198,2
331,209,2
125,437,3
52,266,1
289,770,2
409,491,4
270,409,2
221,257,5
309,336,5
61,233,4
269,716,3
15,73,5
311,13,3
181,583,3
200,505,4
303,1,5
429,159,2
353,509,3
75,483,3
448,216,5
244,195,5
271,312,4
21,403,1
36,4,1
198,765,1
153,796,3
44,542,4
129,106,1
42,122,5
443,708,3
498,715,3
33,772,5
359,267,4
416,241,4
450,53,1
409,124,5
296,88,2
442,310,4
353,756,1
115,557,3
358,576,4
203,698,2
64,13,3
403,209,3
473,435,5
284,52,5
458,107,4
223,521,2
336,624,5
368,120,1
426,67,3
210,82,1
86,714,3
434,697,1
227,669,3
460,628,5
362,114,1
476,645,4
304,760,4
185,623,2
265,454,2
414,232,2
402,571,1
173,773,3
216,562,2
366,316,5
83,783,4
78,475,4
322,371,5
395,615,4
346,664,1
72,533,5
451,258,1
271,723,4
365,429,5
296,500,5
141,594,5
208,10,4
342,677,4
33,663,4
382,685,2
386,425,2
109,577,3
477,762,5
366,512,4
162,317,5
16,630,1
14,134,1
231,18,4
246,347,2
46,368,3
306,767,2
113,168,5
389,17,2
43,522,4
402,507,2
48,742,1
192,474,4
410,543,4
202,727,4
454,306,2
142,379,1
450,340,2
189,151,5
219,45,3
457,207,3
252,422,3
461,139,5
277,392,5
311,384,5
116,781,1
364,726,4
2,674,5
387,449,3
13,203,3
277,10,2
417,350,4
252,76,5
404,746,4
381,745,5
228,738,3
146,217,4
217,292,4
237,4,5
294,378,5
256,661,4
281,701,5
166,606,4
143,38,2
498,588,4
465,295,1
238,89,4
484,275,2
413,514,2
97,150,3
192,606,3
288,313,1
456,100,5
43,259,5
269,279,2
209,4,2
469,412,3
334,590,2
25,710,4
305,326,4
500,677,1
88,519,4
120,1,1
225,600,3
136,418,4
251,180,1
412,10,5
211,375,1
382,646,4
11,452,1
439,110,3
10,125,2
315,432,5
65,719,3
389,301,5
80,652,5
468,103,1
404,623,2
92,70,1
133,110,1
112,224,4
195,224,1
414,731,2
87,751,3
162,631,1
369,214,2
374,548,1
348,343,5
1,357,1
368,791,4
411,439,5
119,256,2
376,667,1
254,482,5
191,404,5
290,783,3
351,42,5
288,388,2
116,29,1
199,695,5
235,203,2
230,561,3
226,327,1
430,54,4
196,490,5
467,417,5
441,734,3
278,360,2
157,549,3
482,205,2
354,280,1
301,55,5
173,223,4
323,108,3
21,718,4
486,684,4
405,602,5
188,509,5
465,6,4
285,507,1
289,799,4
167,171,2
190,268,2
90,193,2
382,756,2
455,180,3
301,760,1
442,70,3
73,733,3
82,30,2
385,119,1
11,717,1
470,510,4
249,734,3
160,460,1
107,638,5
458,458,3
433,567,1
91,39,5
241,262,5
204,184,5
414,520,2
316,528,4
394,386,4
460,576,1
358,253,1
149,11,4
475,600,5
262,211,1
166,516,2
381,643,2
116,783,4
442,360,1
8,68,1
229,427,5
70,9,1
191,537,4
162,577,1
177,616,1
40,66,2
342,695,4
29,173,3
9,22,4
277,42,4
288,204,3
72,155,3
183,523,2
427,462,5
10,78,4
177,104,4
87,278,4
84,649,4
397,719,2
86,763,4
297,737,3
207,57,3
287,339,1
109,799,2
32,274,1
429,680,4
13,685,2
377,433,2
409,610,5
213,391,5
452,342,1
118,260,1
106,685,3
15,174,3
320,724,3
213,195,2
188,777,4
234,441,1
373,272,3
264,307,2
223,308,5
458,649,4
213,595,5
145,556,5
5,207,4
141,117,2
21,5,5
117,733,2
380,795,5
115,499,3
44,626,4
204,762,1
473,301,4
309,425,5
412,90,5
322,28,3
405,544,3
361,217,4
126,71,1
120,764,4
214,30,1
313,256,2
311,671,5
130,396,2
94,521,4
65,323,1
366,370,1
205,156,2
387,214,3
187,666,3
212,83,2
191,405,3
261,613,1
322,10,4
90,280,3
245,281,1
477,692,4
402,90,1
393,129,5
150,309,4
412,485,5
444,107,3
140,505,3
293,792,1
466,283,2
119,107,1
247,155,5
98,232,4
170,449,2
310,380,1
426,333,5
378,596,5
67,76,3
56,261,1
46,337,1
5,230,5
56,784,1
151,221,3
318,693,2
141,398,5
315,714,3
472,797,3
284,412,4
465,630,2
6,629,3
189,401,4
317,709,4
219,706,1
173,498,3
93,616,5
12,174,1
163,301,2
318,103,5
368,521,5
5,164,4
66,5,3
203,601,4
324,178,4
342,796,3
193,27,3
365,687,3
370,161,4
336,115,3
66,378,3
169,97,5
155,678,4
76,136,3
261,388,4
133,164,2
342,415,1
141,714,5
336,681,5
346,136,4
499,158,3
137,398,4
176,739,1
288,366,5
339,302,5
36,349,1
476,784,4
143,394,5
137,324,3
16,50,4
250,324,3
6,514,2
72,463,1
161,75,5
224,759,1
366,501,1
356,727,3
426,742,5
315,754,2
496,188,1
36,129,3
34,493,3
386,97,5
13,365,4
427,501,4
202,165,2
57,177,3
486,629,4
7,722,1
443,273,2
315,327,1
111,399,4
116,563,3
307,411,4
259,777,2
155,64,2
206,447,1
310,341,1
94,229,2
192,505,1
290,749,5
279,737,2
48,629,1
55,250,4
17,70,3
335,512,5
62,345,5
125,547,3
237,273,3
61,556,4
445,345,3
44,460,5
327,107,4
381,741,3
128,764,4
500,488,4
500,44,1
259,502,3
201,425,1
323,49,5
112,60,4
500,258,5
355,577,4
488,114,3
392,771,2
410,349,3
376,398,4
143,674,2
389,470,2
397,676,3
207,15,5
359,549,3
140,138,4
227,265,5
319,558,4
136,618,5
458,81,1
290,303,5
200,274,1
278,113,4
306,409,3
140,720,4
150,365,3
91,241,1
186,89,3
82,695,4
19,272,4
379,255,4
133,489,5
272,245,4
369,780,5
169,99,2
458,571,1
19,73,2
253,624,2
364,677,5
193,288,5
278,211,1
145,534,1
35,83,1
167,242,4
244,12,4
73,517,1
311,794,5
133,116,2
73,347,1
115,20,1
267,701,2
334,136,3
110,446,1
168,438,1
216,570,4
340,173,2
97,705,1
388,517,1
383,159,3
80,791,2
217,405,1
186,512,3
449,652,1
371,4,5
472,587,3
64,746,5
67,104,1
96,373,3
34,649,2
369,282,4
345,743,1
491,283,3
442,477,5
451,750,3
391,235,2
234,702,3
163,178,5
157,338,1
488,502,5
281,222,5
28,456,5
472,726,4
69,725,1
411,359,4
458,410,3
332,605,1
338,558,1
230,462,3
392,767,3
498,191,5
422,145,1
375,344,2
350,616,5
137,576,1
112,157,3
299,308,3
25,128,2
94,24,1
66,125,4
17,175,5
109,101,1
391,51,4
278,258,3
10,661,3
346,168,4
141,105,4
298,581,2
28,35,1
100,428,3
187,675,5
267,339,3
393,720,1
208,153,4
337,506,2
311,80,3
261,31,2
69,225,4
38,767,1
479,209,3
66,180,1
475,419,5
494,497,1
235,305,4
467,656,4
64,742,5
235,314,1
153,334,4
180,64,4
166,308,4
333,40,4
477,243,2
275,361,3
99,245,2
25,609,4
304,145,1
73,568,2
445,30,5
35,620,3
435,726,1
143,428,2
214,733,3
205,382,2
305,453,5
414,616,4
405,181,5
217,498,4
345,639,3
232,198,2
86,343,2
494,33,5
169,334,1
387,234,3
125,548,4
329,530,3
408,744,5
236,428,2
367,266,4
480,295,4
145,440,4
105,561,4
344,570,3
264,332,3
134,151,5
9,647,2
15,301,2
64,345,3
472,311,5
178,636,1
124,183,4
11,717,2
95,147,4
120,621,2
430,150,1
301,745,2
493,267,1
246,490,2
77,131,3
94,147,4
315,603,5
153,375,5
240,485,2
140,504,5
85,504,4
216,219,3
282,495,3
370,546,1
460,11,5
293,261,4
241,71,5
469,164,4
23,261,1
321,696,5
45,645,3
74,795,1
419,411,5
102,416,3
432,345,3
284,234,4
385,15,3
499,617,2
72,354,5
41,483,5
279,438,4
212,20,3
160,760,4
87,472,2
7,162,4
459,639,5
183,34,4
328,115,5
299,430,1
398,731,2
14,754,2
100,21,5
244,737,1
169,167,3
232,296,4
111,172,3
347,164,1
340,217,2
102,199,3
217,50,1
240,498,2
240,442,3
221,330,2
270,330,5
28,294,2
286,280,2
335,364,1
54,571,1
443,173,4
213,154,1
396,734,5
370,731,5
120,492,2
75,595,1
423,267,4
70,640,1
323,698,4
233,418,2
271,742,5
482,272,1
132,443,1
98,513,5
102,412,5
428,15,3
167,80,3
105,686,3
454,544,5
86,551,3
37,705,1
442,240,5
160,585,1
123,605,5
412,89,2
474,254,1
132,746,5
266,139,4
283,710,5
340,290,2
420,306,5
261,172,2
465,526,3
434,328,1
416,153,2
355,708,4
407,178,1
461,607,5
189,749,5
385,416,2
31,311,4
275,590,2
471,244,4
310,732,2
384,409,3
418,220,3
132,719,3
176,436,2
304,184,1
49,627,5
444,124,1
373,238,5
172,620,4
418,406,3
478,559,3
312,198,5
330,563,3
6,706,1
76,582,2
204,87,3
369,75,3
382,705,4
210,732,2
36,790,5
419,333,2
281,745,2
177,431,5
55,370,2
169,740,4
313,44,1
406,297,2
478,767,1
428,466,4
413,250,4
327,422,2
48,473,3
104,273,2
3,173,1
85,236,4
173,46,1
276,392,1
329,733,5
233,655,4
164,233,4
60,417,1
78,266,4
18,190,2
97,183,5
499,357,2
66,703,3
485,139,3
31,547,1
470,505,3
238,482,2
265,352,3
148,342,1
148,644,4
47,73,5
244,163,1
257,223,1
478,185,1
83,95,2
356,684,4
142,309,1
129,148,4
453,319,1
10,179,2
457,654,1
177,291,3
398,622,2
444,497,1
487,301,1
210,161,1
42,61,3
124,72,3
187,437,1
25,482,3
164,115,1
351,206,3
494,334,4
35,306,1
253,554,1
475,532,5
247,604,5
470,580,2
395,135,4
10,578,4
264,151,2
105,548,5
220,140,2
255,407,5
407,735,1
134,490,2
206,205,3
124,295,5
216,582,1
64,671,3
457,184,3
302,18,4
360,383,5
38,571,1
248,736,5
153,621,1
486,643,5
222,542,3
342,508,4
258,192,2
473,198,5
24,242,3
357,91,2
67,2,2
249,788,2
235,609,3
90,465,1
94,285,2
349,777,4
327,4,1
189,238,3
137,552,2
173,439,3
478,390,3
16,329,2
375,794,3
364,241,4
232,615,4
398,495,5
410,61,2
174,62,2
101,738,2
186,767,5
458,765,4
30,452,4
470,277,2
380,159,3
312,239,1
350,43,1
288,413,2
78,439,2
23,314,4
17,152,4
122,80,3
228,137,4
477,725,1
408,450,1
175,386,4
395,677,1
41,383,1
15,165,1
214,709,1
91,302,5
52,774,2
418,48,3
316,127,5
57,368,3
289,648,5
149,32,5
408,507,3
20,613,2
369,77,4
324,707,5
101,201,2
357,68,4
188,28,3
430,400,5
33,57,4
31,203,2
162,567,4
278,83,3
362,618,4
286,251,1
5,342,5
169,423,2
173,439,2
215,414,5
317,133,5
117,429,1
255,704,1
269,544,2
252,610,4
393,268,5
206,107,1
209,66,1
163,52,1
274,711,4
383,288,2
140,232,2
375,163,1
169,241,4
144,390,4
222,22,2
269,729,5
380,687,1
402,791,4
76,493,5
118,684,3
98,521,1
435,362,3
33,59,2
454,485,2
338,629,2
67,101,4
310,757,4
6,798,5
292,340,3
241,486,2
55,689,2
383,16,4
434,498,4
470,121,4
71,214,1
94,742,3
450,330,3
480,84,1
143,181,2
22,745,5
49,386,5
422,323,2
136,554,5
392,448,4
231,73,3
100,255,4
468,700,5
293,290,5
200,500,3
334,752,4
468,608,3
121,588,5
227,2,3
409,383,3
466,690,5
438,112,3
239,204,4
277,750,5
101,26,3
383,108,2
495,677,4
187,567,4
159,274,4
6,792,1
170,542,5
375,17,1
180,464,3
431,298,5
212,593,4
412,396,4
489,27,4
164,183,4
128,516,3
296,675,2
218,449,5
141,332,2
433,584,5
132,456,4
354,588,1
251,420,3
378,240,5
101,512,4
320,290,1
98,439,4
336,772,3
279,523,1
186,571,5
343,259,5
143,714,5
345,268,5
349,113,1
356,585,3
383,405,1
79,402,5
357,236,3
355,6,2
430,601,2
39,114,1
303,365,5
37,321,2
425,311,2
348,168,4
429,52,4
286,300,3
455,62,3
324,84,5
7,748,2
353,353,1
303,669,1
303,503,4
210,659,3
79,475,5
382,635,4
355,503,4
357,799,5
444,694,5
133,99,2
176,702,5
87,306,5
249,763,4
458,315,4
217,710,1
406,442,1
351,247,1
407,265,5
92,569,2
429,425,4
207,795,3
232,58,2
308,484,3
199,324,5
430,186,3
38,792,1
424,499,4
399,62,2
369,593,1
453,246,4
396,487,1
77,761,2
67,373,5
185,515,3
377,748,5
275,51,3
90,617,3
286,99,2
348,323,2
207,592,5
18,441,4
244,404,4
319,417,5
7,683,3
188,155,2
462,542,5
88,611,4
116,146,3
499,235,4
63,474,3
441,399,4
344,611,1
75,460,3
379,702,3
295,789,3
171,433,1
232,257,1
440,715,4
394,439,2
248,537,4
363,175,3
225,713,3
276,491,4
362,283,5
192,605,2
167,562,1
470,219,2
99,156,5
371,57,4
412,511,4
228,743,3
414,338,4
314,719,5
326,272,4
62,727,4
129,184,5
250,291,1
452,302,2
409,579,4
423,247,2
139,16,2
230,335,3
59,211,1
165,586,2
204,373,3
413,406,5
98,530,5
338,22,5
246,618,5
137,119,5
46,528,3
204,184,1
393,515,1
193,492,3
327,506,3
359,635,4
42,755,2
162,437,5
224,105,2
254,103,4
284,208,1
218,661,5
100,705,1
61,734,3
40,47,2
182,304,1
59,167,4
462,494,1
429,87,5
223,226,5
208,120,2
423,248,3
170,505,5
139,353,4
203,144,2
254,745,5
166,350,4
57,515,1
123,749,4
396,317,2
426,770,5
447,26,3
137,530,3
406,322,4
422,296,4
457,131,4
250,17,5
57,770,3
67,582,3
231,185,2
483,49,2
244,76,1
286,789,5
121,528,4
410,6,2
456,34,1
54,59,1
288,67,3
278,255,5
392,403,5
365,157,4
66,32,5
270,10,4
389,704,5
13,375,3
343,731,1
124,349,5
77,589,5
339,532,3
24,156,2
35,27,4
462,153,2
324,285,1
410,628,2
74,250,1
486,429,4
422,557,3
290,286,1
290,506,4
19,294,3
259,444,2
116,288,2
292,306,1
260,71,5
378,163,5
154,481,3
203,588,2
131,343,4
128,517,3
433,107,1
265,631,1
302,799,3
450,609,4
270,693,2
3,498,2
258,1,4
342,598,2
477,476,5
417,453,5
100,65,4
394,485,5
367,615,3
53,422,2
428,536,3
166,151,4
149,391,5
479,765,3
163,415,3
451,7,1
83,516,3
22,763,5
20,694,2
356,466,2
211,104,2
366,464,5
324,564,2
352,594,2
8,560,4
307,351,4
154,729,1
51,366,1
246,182,3
449,243,3
154,220,3
246,208,1
303,639,2
43,182,3
393,429,2
163,35,2
466,792,1
147,675,4
432,421,4
336,203,5
156,162,4
3,742,3
146,408,1
269,349,2
411,4,1
244,361,5
296,590,5
295,664,5
314,358,2
57,628,5
280,36,5
477,335,5
119,291,2
22,285,5
51,36,3
474,324,1
212,463,5
216,395,5
76,567,1
466,49,5
495,463,5
204,313,3
166,355,4
480,343,2
383,55,2
61,312,1
305,260,3
279,642,2
260,88,1
76,320,1
209,390,1
469,270,2
37,460,4
93,361,1
134,126,5
239,185,4
412,365,4
136,542,5
223,720,2
148,8,2
400,654,3
397,724,2
252,796,3
79,414,1
244,132,2
318,356,2
461,323,5
367,102,1
450,795,3
120,466,1
309,429,4
122,75,5
212,100,4
284,744,3
254,236,2
18,269,2
263,567,2
277,254,3
41,727,4
423,329,3
457,299,3
364,370,4
394,671,2
31,259,5
298,228,3
461,377,3
453,145,4
315,80,5
118,39,3
360,706,1
234,709,5
422,97,3
43,246,5
228,333,1
386,588,1
134,403,5
333,765,2
157,278,5
492,8,4
206,364,2
414,452,1
89,711,2
424,252,1
99,18,1
37,390,1
374,242,4
391,253,4
434,4,3
486,373,4
402,425,1
392,749,5
199,179,2
482,12,5
356,293,1
55,770,5
105,259,2
432,429,3
243,597,3
74,295,4
314,333,5
104,112,4
221,206,4
16,222,5
409,530,5
29,13,2
264,270,5
468,553,5
356,40,4
379,505,3
183,601,1
52,613,3
347,731,5
333,215,1
410,304,5
106,522,2
25,729,5
92,121,1
329,310,2
377,675,1
26,664,2
460,305,4
90,426,1
175,459,4
342,596,4
385,202,5
448,562,3
396,661,2
408,412,1
30,220,4
14,155,5
407,609,1
130,324,5
131,611,1
6,340,5
211,390,5
149,186,3
493,134,4
276,147,2
149,113,2
40,529,1
196,433,1
409,387,3
371,366,1
124,34,2
71,62,4
199,444,3
33,196,1
307,87,3
90,635,3
465,254,3
456,127,1
90,162,5
373,316,1
335,172,1
276,399,1
275,331,1
199,359,1
440,252,3
56,9,3
237,763,1
1,239,4
167,35,4
37,778,5
274,616,4
456,383,2
79,669,2
242,686,4
134,710,1
252,723,4
357,730,2
22,201,4
267,233,3
218,628,5
72,496,3
9,77,3
397,218,5
387,374,1
451,53,5
135,596,1
195,258,2
459,132,4
302,711,2
58,787,2
284,395,2
490,595,4
287,249,1
308,398,5
251,69,1
393,654,1
91,423,3
204,652,4
8,340,1
108,374,1
233,274,2
342,257,3
274,516,5
120,268,3
478,357,2
305,308,2
11,602,2
373,527,4
386,648,2
413,732,1
183,798,4
309,694,2
410,491,4
179,639,1
206,638,2
92,707,2
227,198,1
6,351,2
356,218,1
12,8,2
250,231,2
418,703,3
377,93,4
198,657,5
127,16,3
448,625,3
37,196,4
381,464,3
421,205,1
8,580,3
165,127,5
120,160,1
232,501,4
225,466,4
372,498,4
233,448,1
430,464,4
287,342,4
226,508,5
395,664,2
420,284,2
452,151,2
145,575,4
250,696,1
272,213,4
286,585,2
39,322,5
44,796,4
497,666,4
453,188,4
488,572,1
372,768,5
37,183,5
491,384,5
410,25,5
256,537,2
476,314,4
211,38,5
405,302,3
92,369,3
19,100,2
100,388,3
395,659,3
147,446,3
69,792,2
130,470,4
25,55,2
115,496,1
90,584,1
286,755,3
273,127,3
341,321,4
212,766,3
402,68,1
111,396,3
464,153,4
348,149,1
76,403,3
296,226,4
390,692,4
88,310,1
498,419,1
427,515,1
454,289,4
401,201,1
170,519,1
147,667,4
367,769,4
240,168,1
55,675,1
92,337,1
253,295,4
157,380,5
369,11,2
438,357,3
455,131,2
467,205,4
251,436,5
264,316,4
8,604,1
325,314,3
299,486,2
98,111,4
50,290,5
213,247,1
4,412,5
364,573,3
292,450,5
389,622,5
241,421,1
471,400,5
19,456,1
426,744,3
366,125,4
399,715,1
442,783,4
270,260,2
304,535,5
328,712,4
201,80,5
104,272,1
331,565,5
364,778,3
366,418,4
82,402,5
319,53,4
55,272,4
288,228,3
236,692,1
164,371,5
365,712,2
85,192,4
219,23,1
368,552,2
362,336,4
213,230,2
203,530,5
313,488,5
300,734,4
242,164,4
162,423,5
179,360,1
453,169,2
92,513,4
500,348,4
138,766,3
112,199,2
396,212,5
169,682,4
387,152,4
321,577,5
101,530,2
296,90,1
497,14,5
193,19,1
461,82,4
358,761,1
207,621,1
455,519,5
286,2,4
216,263,2
456,540,3
451,490,1
463,337,4
228,286,3
361,254,2
43,597,3
181,485,2
462,201,3
347,292,2
286,278,1
297,335,3
44,590,2
37,411,4
373,210,5
249,638,3
390,10,3
83,240,3
380,790,3
421,170,5
257,681,3
217,473,1
10,769,1
238,472,4
26,762,5
251,696,4
215,229,1
145,408,3
320,399,3
222,203,2
411,684,5
459,593,2
324,49,5
18,727,5
339,689,3
228,95,3
236,118,4
366,610,1
434,74,1
346,37,3
449,330,1
276,426,5
121,187,1
62,384,4
331,459,1
187,778,1
25,747,4
380,309,4
339,426,3
96,392,4
321,331,3
193,408,5
254,307,2
67,71,1
314,444,4
494,149,1
40,437,5
224,262,2
431,799,4
356,652,3
427,357,3
392,305,4
222,543,4
103,777,5
318,155,2
248,116,4
162,721,3
264,627,2
25,51,4
154,72,2
219,640,5
438,761,4
254,143,4
467,167,2
215,70,4
169,496,2
80,520,2
72,163,4
63,575,3
478,287,5
456,234,2
75,730,3
263,344,2
469,253,3
98,706,4
85,257,5
325,506,3
306,754,1
427,471,2
378,289,3
273,620,5
149,549,5
6,505,5
109,523,3
199,84,3
331,730,4
338,750,1
38,559,3
319,345,4
128,379,2
140,132,1
248,211,5
406,717,1
259,595,2
147,77,3
427,140,3
343,128,4
482,66,3
195,754,3
215,663,1
377,567,2
241,147,5
133,67,5
29,472,4
98,151,2
364,4,1
389,18,5
477,524,4
429,256,3
182,509,3
152,35,1
103,555,5
405,590,3
288,507,4
235,323,4
133,453,5
446,359,1
402,52,4
230,529,2
35,723,4
358,739,1
80,33,4
355,328,3
242,436,1
344,419,3
484,77,3
133,580,5
9,50,1
388,442,3
253,670,5
33,198,5
347,770,3
406,463,3
187,377,2
11,546,1
69,436,5
138,724,1
131,272,5
399,576,4
251,155,4
123,321,5
366,269,2
421,552,4
424,160,1
273,323,3
404,14,1
243,376,1
388,120,1
482,314,5
162,348,5
95,46,1
162,346,3
323,469,2
284,382,2
361,622,4
229,371,4
116,459,3
221,219,1
463,121,5
420,289,4
419,512,1
169,558,2
315,338,3
330,381,5
145,506,5
286,566,4
182,388,1
308,566,5
456,4,2
407,752,2
275,592,3
37,201,3
443,202,2
363,256,2
36,199,1
68,73,5
410,688,1
495,219,3
360,736,3
121,433,3
155,407,5
205,795,4
446,793,3
446,93,3
436,664,1
44,80,1
482,208,4
289,92,4
366,532,4
90,53,4
212,83,1
63,74,3
72,410,1
336,444,2
453,130,2
290,771,3
367,184,4
27,578,3
420,665,2
388,365,3
362,196,4
53,15,1
242,210,4
455,135,1
293,384,2
100,475,5
472,594,3
79,583,5
434,504,4
369,477,1
326,297,4
410,382,4
90,444,2
376,684,4
25,123,3
161,289,2
195,210,5
201,494,4
421,576,5
166,390,3
222,63,3
283,409,3
13,520,5
407,245,5
451,165,1
343,93,2
355,284,4
246,711,2
88,124,3
439,567,4
421,190,1
140,655,2
310,317,3
256,609,4
276,197,4
146,285,3
7,593,5
500,109,2
246,795,4
346,209,5
204,115,1
482,753,4
240,506,4
480,791,1
94,331,1
386,204,4
310,713,3
8,667,1
417,315,5
430,265,1
170,289,4
119,582,4
246,691,2
128,481,5
222,680,2
63,6,1
117,644,2
109,771,4
234,141,3
493,282,1
476,290,4
205,205,1
88,693,2
417,559,2
325,332,1
380,648,1
240,403,2
198,233,1
4,714,2
106,32,1
107,789,3
252,192,1
186,407,1
226,603,4
413,583,3
21,298,2
154,35,2
224,220,5
86,711,3
41,618,3
334,332,1
418,52,4
485,17,2
172,9,2
385,180,4
160,3,4
160,278,3
51,694,4
118,167,4
280,251,1
172,274,3
469,593,5
332,27,5
84,118,2
293,739,4
340,352,1
66,195,4
270,653,2
401,273,4
344,317,5
478,402,3
271,755,4
61,529,5
177,696,5
354,48,2
117,16,3
136,470,2
490,705,1
259,283,3
256,14,1
331,348,3
411,367,5
393,228,1
271,628,3
32,373,3
254,736,1
267,541,3
387,540,2
282,405,2
7,408,1
348,558,5
439,60,4
39,660,1
4,52,1
30,150,1
166,656,1
307,661,2
462,172,1
36,318,5
351,661,4
499,616,4
211,489,5
113,651,1
117,632,4
316,549,2
51,684,4
460,124,5
433,278,4
15,212,5
201,706,1
347,427,4
124,459,5
340,533,2
156,753,2
409,657,3
208,292,4
466,142,1
242,677,3
164,388,4
260,646,2
277,178,1
347,85,2
193,205,4
325,550,1
492,335,1
238,389,3
394,166,1
50,536,4
213,530,5
266,672,5
90,222,1
144,614,5
166,328,4
67,601,3
20,670,2
111,600,2
69,414,4
454,133,3
25,772,4
345,179,1
310,289,3
12,627,5
65,349,1
182,287,5
234,364,1
323,83,1
405,237,1
133,438,1
186,239,3
79,445,3
132,66,1
275,660,4
337,716,1
311,114,1
317,189,4
200,596,4
101,276,1
152,612,2
452,302,2
216,786,4
147,710,1
280,546,5
310,591,5
233,643,1
493,584,1
149,755,1
337,651,5
456,686,5
479,480,4
275,426,3
459,17,4
181,47,4
494,30,2
434,392,4
151,40,4
293,711,4
284,668,4
471,284,3
204,59,2
80,330,5
464,726,1
462,263,5
327,324,2
149,24,4
277,354,5
425,751,4
35,54,3
366,782,3
216,684,2
1,305,5
206,319,3
468,721,2
92,45,2
466,362,2
451,762,5
91,461,5
70,7,2
132,259,1
257,88,5
405,189,5
355,455,1
92,542,5
82,517,5
372,360,3
381,369,1
308,200,3
99,7,1
53,679,1
341,386,1
80,683,5
312,396,2
474,540,4
359,620,2
457,147,5
343,284,5
450,99,4
451,588,5
246,604,1
289,507,3
472,474,3
279,742,1
262,710,2
341,147,3
431,576,1
442,503,2
261,50,3
333,522,1
232,225,3
248,82,3
255,182,3
461,522,4
83,360,2
265,235,3
3,326,1
445,467,4
223,447,5
250,745,5
192,747,2
46,546,1
440,43,4
295,382,1
269,133,4
41,403,4
139,625,5
41,370,2
331,54,2
494,654,1
175,561,4
433,779,4
449,159,3
291,138,2
419,533,4
323,254,1
388,302,5
280,735,5
94,715,2
352,619,2
369,74,3
340,532,2
420,277,4
205,421,4
56,57,4
231,569,4
260,69,3
220,198,2
168,152,2
171,720,2
499,188,3
314,663,3
318,47,4
391,500,3
137,720,3
278,243,1
260,180,4
384,141,4
420,499,1
481,749,2
454,8,1
451,102,1
291,160,1
289,470,3
135,657,1
105,5,5
227,379,1
439,381,2
377,606,2
431,729,2
190,684,1
195,650,4
64,304,2
377,156,1
171,773,2
18,300,3
259,671,3
315,272,1
372,123,2
190,511,2
295,279,5
475,367,2
320,533,4
457,791,3
253,720,2
81,630,4
60,123,1
105,713,3
426,386,1
365,397,2
261,301,1
255,394,3
46,603,1
132,593,1
14,216,1
477,789,4
267,1,4
444,144,2
22,250,1
106,171,4
5,134,3
181,76,3
396,480,1
149,624,2
335,762,4
280,267,4
13,466,4
352,450,2
26,96,5
40,753,4
282,276,1
484,789,4
429,550,4
286,312,5
64,347,1
111,267,1
329,274,1
88,593,4
124,98,4
422,557,3
146,666,5
393,315,1
214,134,1
440,555,3
128,94,4
294,180,3
149,256,3
327,754,4
140,736,2
292,17,5
122,629,2
11,558,2
384,681,5
451,141,2
283,390,4
252,726,2
447,737,2
455,690,2
194,48,4
330,611,3
195,795,1
81,262,5
107,570,5
321,253,4
418,703,1
461,513,2
206,747,5
209,796,2
127,797,4
34,156,4
64,603,4
17,210,3
435,324,4
249,742,2
105,765,3
440,755,2
345,41,4
108,362,3
222,372,1
176,416,4
228,635,3
190,709,3
440,662,3
395,377,5
213,752,3
404,313,1
221,278,4
324,322,4
162,555,4
298,34,3
425,114,4
249,2,1
190,750,5
401,759,1
12,571,5
68,36,4
41,744,2
398,8,5
260,161,1
126,452,1
226,530,2
210,576,5
333,573,5
330,83,1
398,10,5
265,434,2
171,618,5
404,233,5
1,222,2
364,790,4
349,551,5
209,321,1
241,798,3
72,645,1
273,755,1
469,282,4
89,120,4
20,63,1
315,686,5
473,543,1
469,743,5
141,169,2
377,652,2
333,273,4
175,658,3
50,706,3
94,369,4
461,472,2
168,756,4
391,295,2
55,74,5
51,459,2
490,648,2
332,603,2
386,538,3
270,588,2
362,547,1
145,207,5
77,789,3
129,165,1
375,124,3
111,734,3
1,273,1
367,382,4
26,474,4
116,354,2
495,97,1
174,82,2
13,537,4
34,361,1
318,61,1
232,94,1
73,365,2
51,758,3
211,653,3
215,765,3
41,296,1
311,682,4
412,750,2
94,170,2
189,299,4
135,708,3
206,668,5
2,611,4
204,317,3
491,645,1
241,651,4
258,264,3
156,661,2
54,480,5
476,261,5
460,546,5
94,521,3
314,43,3
431,96,1
61,394,5
360,524,2
168,355,5
470,402,4
274,471,4
398,652,2
25,287,3
394,779,5
356,283,4
48,533,2
432,269,1
189,762,4
53,557,4
241,687,5
393,281,3
395,77,4
27,745,4
59,710,5
186,355,3
141,255,1
449,668,1
487,425,1
395,4,1
57,84,3
195,709,1
450,214,5
366,792,5
106,657,5
280,57,1
468,154,5
433,612,5
168,712,2
335,401,1
246,520,5
454,522,3
340,636,5
214,270,2
2,539,3
438,512,3
399,517,4
304,412,2
354,645,2
182,342,5
302,140,2
441,264,3
183,449,3
